{
  "bad": 0.0, 
  "gene": 1.0167893121815874, 
  "nice": 0.029159670002047805
}