{
  "bad": 0.0, 
  "gene": 0.20988018810790257, 
  "nice": 0.665304455590656
}