{
  "bad": 0.08210640953507398, 
  "gene": 0.05792783717174017, 
  "nice": 0.0
}