{
  "bad": 1.1733607345936523, 
  "gene": 0.01703571320123123, 
  "nice": 0.0
}