{
  "bad": 0.0, 
  "gene": 0.6126368027177533, 
  "nice": 0.4641128563790775
}