{
  "bad": 0.6083574997290142, 
  "gene": 0.478108467925342, 
  "nice": 0.0
}