{
  "bad": 0.0, 
  "gene": 0.968676886709292, 
  "nice": 0.16857197651394396
}