{
  "bad": 0.8921664810023141, 
  "gene": 0.687292474733504, 
  "nice": 0.8660245914064119
}