{
  "bad": 0.0, 
  "gene": 0.5480206076728255, 
  "nice": 0.23498930633815807
}