{
  "bad": 0.0, 
  "gene": 0.8442922664823639, 
  "nice": 0.18914652507290305
}