{
  "bad": 0.0, 
  "gene": 0.03057510319871175, 
  "nice": 0.6631104425219747
}