{
  "bad": 0.0, 
  "gene": 1.0330472899757597, 
  "nice": 0.1609736959699737
}