{
  "bad": 0.0, 
  "gene": 0.16418514211854857, 
  "nice": 1.0267466383904775
}