{
  "bad": 0.0, 
  "gene": 1.086865135131127, 
  "nice": 0.0070729269002966595
}