{
  "bad": 0.0, 
  "gene": 0.14412742771646544, 
  "nice": 1.0930809919038247
}