{
  "bad": 0.06367427002172302, 
  "gene": 0.05991907656448346, 
  "nice": 0.0
}