{
  "bad": 0.0, 
  "gene": 0.006571567860112104, 
  "nice": 0.1324554370877246
}