{
  "bad": 0.0, 
  "gene": 0.06277731997181003, 
  "nice": 0.027178405942695015
}