{
  "bad": 0.43484073050647404, 
  "gene": 0.9571221708723044, 
  "nice": 0.013540505613780738
}