{
  "bad": 0.0, 
  "gene": 0.2656308384487957, 
  "nice": 0.2656308384487957
}