{
  "bad": 0.9471599038038503, 
  "gene": 0.7805940102246715, 
  "nice": 0.8973403304238716
}