{
  "bad": 0.0, 
  "gene": 0.39622343388029485, 
  "nice": 0.0743486440786532
}