{
  "some": [
    0.0, 
    1
  ], 
  "fuck": [
    12.999073455642888, 
    10
  ], 
  "yourself": [
    4.0, 
    4
  ], 
  "kill": [
    3.0, 
    3
  ], 
  "bitch": [
    0.11538586500450887, 
    1
  ], 
  "go": [
    5.115385865004509, 
    6
  ], 
  "hell": [
    2, 
    2
  ], 
  "hate": [
    9.085316470007315, 
    8
  ], 
  "please": [
    1, 
    1
  ], 
  "to": [
    2, 
    2
  ], 
  "amazing": [
    0.022381927888740244, 
    1
  ], 
  "you": [
    14.308400732907877, 
    11
  ], 
  "friend": [
    0.0, 
    1
  ], 
  "be": [
    0.0, 
    1
  ], 
  "we": [
    0.0, 
    1
  ], 
  "motherfucker": [
    3.2116910108880314, 
    4
  ], 
  "fucker": [
    1.0, 
    1
  ], 
  "back": [
    1, 
    1
  ], 
  "suck": [
    0.08531647000731507, 
    1
  ], 
  "day": [
    0.0, 
    1
  ], 
  "shut": [
    1, 
    1
  ], 
  "off": [
    4.4774001201612235, 
    4
  ], 
  "look": [
    0.022381927888740244, 
    1
  ], 
  "i": [
    9.085316470007315, 
    8
  ], 
  "die": [
    2.32707687589254, 
    3
  ], 
  "ill": [
    2.0, 
    2
  ], 
  "up": [
    1, 
    1
  ], 
  "mother": [
    1.0, 
    1
  ], 
  "dumb": [
    0.11538586500450887, 
    1
  ], 
  "could": [
    0.0, 
    1
  ]
}