{
  "this": [
    3.148846771827574, 
    2
  ], 
  "dont": [
    1.0, 
    1
  ], 
  "being": [
    1, 
    1
  ], 
  "is": [
    4.148846771827575, 
    2
  ], 
  "random": [
    1.0, 
    1
  ], 
  "definitely": [
    1.0, 
    1
  ], 
  "idea": [
    2.0, 
    2
  ], 
  "son": [
    0.08008877695122288, 
    1
  ], 
  "course": [
    0.2022026527939021, 
    1
  ], 
  "say": [
    6.0, 
    5
  ], 
  "im": [
    1.0088520255191538, 
    2
  ], 
  "are": [
    1, 
    1
  ], 
  "human": [
    1, 
    1
  ], 
  "hell": [
    1.1556580411489654, 
    2
  ], 
  "dress": [
    0.19063732477534592, 
    1
  ], 
  "your": [
    0.25780820572471996, 
    2
  ], 
  "bananas": [
    1.0, 
    1
  ], 
  "blue": [
    1.0, 
    1
  ], 
  "what": [
    6.2525103851662225, 
    6
  ], 
  "thank": [
    0.008852025519153692, 
    1
  ], 
  "would": [
    1, 
    1
  ], 
  "no": [
    2.0, 
    2
  ], 
  "hate": [
    0.09685234401725748, 
    1
  ], 
  "there": [
    3.0, 
    3
  ], 
  "sky": [
    1.0, 
    1
  ], 
  "hey": [
    3.29263224487368, 
    4
  ], 
  "should": [
    1.0, 
    1
  ], 
  "how": [
    2.0088520255191535, 
    2
  ], 
  "indian": [
    1.0, 
    1
  ], 
  "eating": [
    1.0, 
    1
  ], 
  "way": [
    1.0, 
    1
  ], 
  "you": [
    7.277403501861385, 
    8
  ], 
  "really": [
    1.0, 
    1
  ], 
  "into": [
    1.0, 
    1
  ], 
  "today": [
    1.0, 
    1
  ], 
  "real": [
    1, 
    1
  ], 
  "do": [
    2.0, 
    2
  ], 
  "eyes": [
    0.06717088094937407, 
    1
  ], 
  "okay": [
    1, 
    1
  ], 
  "to": [
    5.0, 
    5
  ], 
  "that": [
    0.07833397958241937, 
    1
  ], 
  "food": [
    2.0, 
    2
  ], 
  "doin": [
    2.0, 
    1
  ], 
  "time": [
    0.09685234401725748, 
    1
  ], 
  "kind": [
    1.0, 
    1
  ], 
  "hi": [
    1.0, 
    1
  ], 
  "know": [
    2.0, 
    2
  ], 
  "rubbish": [
    0.14884677182757436, 
    1
  ], 
  "suck": [
    0.08008877695122288, 
    1
  ], 
  "by": [
    1.0, 
    1
  ], 
  "me": [
    0.07833397958241937, 
    1
  ], 
  "about": [
    0.008852025519153692, 
    1
  ], 
  "waste": [
    0.09685234401725748, 
    1
  ], 
  "like": [
    2.340566535579318, 
    3
  ], 
  "i": [
    5.359084900014156, 
    5
  ], 
  "boring": [
    2.0, 
    1
  ], 
  "la": [
    5.0, 
    1
  ], 
  "fine": [
    0.008852025519153692, 
    1
  ], 
  "thing": [
    1.0, 
    1
  ], 
  "a": [
    2.1769411209684804, 
    4
  ], 
  "so": [
    1.0, 
    1
  ], 
  "ketchup": [
    1.0, 
    1
  ], 
  "have": [
    2.0, 
    2
  ], 
  "of": [
    3.3791437737623826, 
    5
  ], 
  "the": [
    2.1556580411489654, 
    3
  ], 
  "bitch": [
    0.08008877695122288, 
    1
  ]
}