{
  "beautiful": [
    1.4876850503470058, 
    3
  ], 
  "madam": [
    1.0, 
    1
  ], 
  "love": [
    7.640338165532558, 
    8
  ], 
  "cute": [
    2.6839158373745775, 
    5
  ], 
  "somethine": [
    1.0, 
    1
  ], 
  "life": [
    1.0, 
    1
  ], 
  "tonight": [
    1.0708142888376324, 
    2
  ], 
  "say": [
    0.03318953180314679, 
    1
  ], 
  "im": [
    1, 
    1
  ], 
  "are": [
    2.0, 
    2
  ], 
  "have": [
    1.0708142888376324, 
    2
  ], 
  "in": [
    1, 
    1
  ], 
  "your": [
    0.1422180650514182, 
    1
  ], 
  "really": [
    3.011956226344467, 
    5
  ], 
  "thank": [
    0.19438917696482771, 
    1
  ], 
  "would": [
    1, 
    1
  ], 
  "totally": [
    1.0, 
    1
  ], 
  "hey": [
    1, 
    1
  ], 
  "id": [
    0.0708142888376323, 
    1
  ], 
  "to": [
    0.0708142888376323, 
    1
  ], 
  "3": [
    2, 
    2
  ], 
  "much": [
    2.0, 
    2
  ], 
  "damn": [
    1, 
    1
  ], 
  "too": [
    0.9175201834102353, 
    3
  ], 
  "pretty": [
    9.034715633746934, 
    10
  ], 
  "you": [
    11.692509277445968, 
    10
  ], 
  "nice": [
    1.482224339306256, 
    3
  ], 
  "real": [
    1.0, 
    1
  ], 
  "a": [
    0.1080856793428761, 
    1
  ], 
  "sweetheart": [
    1, 
    1
  ], 
  "lot": [
    0.1080856793428761, 
    1
  ], 
  "that": [
    0.03318953180314679, 
    1
  ], 
  "very": [
    1.0, 
    1
  ], 
  "sunshine": [
    1.433603532406367, 
    3
  ], 
  "quite": [
    2.0, 
    2
  ], 
  "with": [
    2.0708142888376324, 
    3
  ], 
  "darling": [
    0.13004455604539694, 
    1
  ], 
  "diner": [
    1, 
    1
  ], 
  "me": [
    1.0331895318031468, 
    2
  ], 
  "hair": [
    0.1422180650514182, 
    1
  ], 
  "great": [
    1.0, 
    1
  ], 
  "like": [
    1.0, 
    1
  ], 
  "i": [
    7.536334344891779, 
    8
  ], 
  "of": [
    1.0, 
    1
  ], 
  "youre": [
    11.254937328368404, 
    10
  ], 
  "dinner": [
    0.0708142888376323, 
    1
  ], 
  "so": [
    5.302474856307704, 
    6
  ], 
  "my": [
    1.0, 
    1
  ], 
  "thanks": [
    0.1080856793428761, 
    1
  ]
}